order,sample_name,library_tag_combo,library,date_PCR2,sample_type,locus,primer_sequence_F,primer_sequence_R,tag_number,tag_sequence
1,1,lib1_1,lib1,PCR_date,sample,16S,GTGYCAGCMGCCGCGGTAA,GGACTACNVGGGTWTCTAAT,1,AACTCTCG
2,2,lib1_2,lib1,PCR_date,sample,16S,GTGYCAGCMGCCGCGGTAA,GGACTACNVGGGTWTCTAAT,2,ACTATGTC
3,3,lib1_3,lib1,PCR_date,sample,16S,GTGYCAGCMGCCGCGGTAA,GGACTACNVGGGTWTCTAAT,3,AGTAGCGT
4,4,lib1_4,lib1,PCR_date,filt_blank,16S,GTGYCAGCMGCCGCGGTAA,GGACTACNVGGGTWTCTAAT,4,CAGTGAGT
5,5,lib1_5,lib1,PCR_date,extr_blank,16S,GTGYCAGCMGCCGCGGTAA,GGACTACNVGGGTWTCTAAT,5,CGTACTCA
6,6,lib1_6,lib1,PCR_date,sample,16S,GTGYCAGCMGCCGCGGTAA,GGACTACNVGGGTWTCTAAT,6,CTACGCAG
7,7,lib1_7,lib1,PCR_date,sample,16S,GTGYCAGCMGCCGCGGTAA,GGACTACNVGGGTWTCTAAT,7,GGAGACTA
8,8,lib1_8,lib1,PCR_date,sample,16S,GTGYCAGCMGCCGCGGTAA,GGACTACNVGGGTWTCTAAT,8,GTCGCTCG
9,9,lib1_9,lib1,PCR_date,filt_blank,16S,GTGYCAGCMGCCGCGGTAA,GGACTACNVGGGTWTCTAAT,9,GTCGTAGT
10,10,lib1_10,lib1,PCR_date,extr_blank,16S,GTGYCAGCMGCCGCGGTAA,GGACTACNVGGGTWTCTAAT,10,TAGCAGAC
11,11,lib1_11,lib1,PCR_date,sample,16S,GTGYCAGCMGCCGCGGTAA,GGACTACNVGGGTWTCTAAT,11,TCATAGAC
12,12,lib1_12,lib1,PCR_date,sample,16S,GTGYCAGCMGCCGCGGTAA,GGACTACNVGGGTWTCTAAT,12,TCGCTATA
13,13,lib1_13,lib1,PCR_date,sample,16S,GTGYCAGCMGCCGCGGTAA,GGACTACNVGGGTWTCTAAT,13,AACTCTCG
14,14,lib1_14,lib1,PCR_date,filt_blank,16S,GTGYCAGCMGCCGCGGTAA,GGACTACNVGGGTWTCTAAT,14,ACTATGTC
15,15,lib1_15,lib1,PCR_date,extr_blank,16S,GTGYCAGCMGCCGCGGTAA,GGACTACNVGGGTWTCTAAT,15,AGTAGCGT
16,16,lib1_16,lib1,PCR_date,sample,16S,GTGYCAGCMGCCGCGGTAA,GGACTACNVGGGTWTCTAAT,16,CAGTGAGT
17,17,lib1_17,lib1,PCR_date,sample,16S,GTGYCAGCMGCCGCGGTAA,GGACTACNVGGGTWTCTAAT,17,CGTACTCA
18,18,lib1_18,lib1,PCR_date,sample,16S,GTGYCAGCMGCCGCGGTAA,GGACTACNVGGGTWTCTAAT,18,CTACGCAG
19,19,lib1_19,lib1,PCR_date,filt_blank,16S,GTGYCAGCMGCCGCGGTAA,GGACTACNVGGGTWTCTAAT,19,GGAGACTA
20,20,lib1_20,lib1,PCR_date,extr_blank,16S,GTGYCAGCMGCCGCGGTAA,GGACTACNVGGGTWTCTAAT,20,GTCGCTCG
21,21,lib1_21,lib1,PCR_date,sample,16S,GTGYCAGCMGCCGCGGTAA,GGACTACNVGGGTWTCTAAT,21,GTCGTAGT
22,22,lib1_22,lib1,PCR_date,sample,16S,GTGYCAGCMGCCGCGGTAA,GGACTACNVGGGTWTCTAAT,22,TAGCAGAC
23,23,lib1_23,lib1,PCR_date,sample,16S,GTGYCAGCMGCCGCGGTAA,GGACTACNVGGGTWTCTAAT,23,TCATAGAC
24,24,lib1_24,lib1,PCR_date,filt_blank,16S,GTGYCAGCMGCCGCGGTAA,GGACTACNVGGGTWTCTAAT,24,TCGCTATA
25,25,lib1_25,lib1,PCR_date,extr_blank,16S,GTGYCAGCMGCCGCGGTAA,GGACTACNVGGGTWTCTAAT,25,AACTCTCG
26,26,lib1_26,lib1,PCR_date,sample,16S,GTGYCAGCMGCCGCGGTAA,GGACTACNVGGGTWTCTAAT,26,ACTATGTC
27,27,lib1_27,lib1,PCR_date,sample,16S,GTGYCAGCMGCCGCGGTAA,GGACTACNVGGGTWTCTAAT,27,AGTAGCGT
28,28,lib1_28,lib1,PCR_date,sample,16S,GTGYCAGCMGCCGCGGTAA,GGACTACNVGGGTWTCTAAT,28,CAGTGAGT
29,29,lib1_29,lib1,PCR_date,filt_blank,16S,GTGYCAGCMGCCGCGGTAA,GGACTACNVGGGTWTCTAAT,29,CGTACTCA
30,30,lib1_30,lib1,PCR_date,extr_blank,16S,GTGYCAGCMGCCGCGGTAA,GGACTACNVGGGTWTCTAAT,30,CTACGCAG
31,31,lib1_31,lib1,PCR_date,sample,16S,GTGYCAGCMGCCGCGGTAA,GGACTACNVGGGTWTCTAAT,31,GGAGACTA
32,32,lib1_32,lib1,PCR_date,sample,16S,GTGYCAGCMGCCGCGGTAA,GGACTACNVGGGTWTCTAAT,32,GTCGCTCG
33,33,lib1_33,lib1,PCR_date,sample,16S,GTGYCAGCMGCCGCGGTAA,GGACTACNVGGGTWTCTAAT,33,GTCGTAGT
34,34,lib1_34,lib1,PCR_date,filt_blank,16S,GTGYCAGCMGCCGCGGTAA,GGACTACNVGGGTWTCTAAT,34,TAGCAGAC
35,35,lib1_35,lib1,PCR_date,extr_blank,16S,GTGYCAGCMGCCGCGGTAA,GGACTACNVGGGTWTCTAAT,35,TCATAGAC
36,36,lib1_36,lib1,PCR_date,sample,16S,GTGYCAGCMGCCGCGGTAA,GGACTACNVGGGTWTCTAAT,36,TCGCTATA
37,37,lib1_37,lib1,PCR_date,sample,16S,GTGYCAGCMGCCGCGGTAA,GGACTACNVGGGTWTCTAAT,37,AACTCTCG
38,38,lib1_38,lib1,PCR_date,sample,16S,GTGYCAGCMGCCGCGGTAA,GGACTACNVGGGTWTCTAAT,38,ACTATGTC
39,39,lib1_39,lib1,PCR_date,filt_blank,16S,GTGYCAGCMGCCGCGGTAA,GGACTACNVGGGTWTCTAAT,39,AGTAGCGT
40,40,lib1_40,lib1,PCR_date,extr_blank,16S,GTGYCAGCMGCCGCGGTAA,GGACTACNVGGGTWTCTAAT,40,CAGTGAGT
41,41,lib1_41,lib1,PCR_date,sample,16S,GTGYCAGCMGCCGCGGTAA,GGACTACNVGGGTWTCTAAT,41,CGTACTCA
42,42,lib1_42,lib1,PCR_date,sample,16S,GTGYCAGCMGCCGCGGTAA,GGACTACNVGGGTWTCTAAT,42,CTACGCAG
43,43,lib1_43,lib1,PCR_date,sample,16S,GTGYCAGCMGCCGCGGTAA,GGACTACNVGGGTWTCTAAT,43,GGAGACTA
44,44,lib1_44,lib1,PCR_date,filt_blank,16S,GTGYCAGCMGCCGCGGTAA,GGACTACNVGGGTWTCTAAT,44,GTCGCTCG
45,45,lib1_45,lib1,PCR_date,extr_blank,16S,GTGYCAGCMGCCGCGGTAA,GGACTACNVGGGTWTCTAAT,45,GTCGTAGT
46,46,lib1_46,lib1,PCR_date,sample,16S,GTGYCAGCMGCCGCGGTAA,GGACTACNVGGGTWTCTAAT,46,TAGCAGAC
47,47,lib1_47,lib1,PCR_date,sample,16S,GTGYCAGCMGCCGCGGTAA,GGACTACNVGGGTWTCTAAT,47,TCATAGAC
48,48,lib1_48,lib1,PCR_date,sample,16S,GTGYCAGCMGCCGCGGTAA,GGACTACNVGGGTWTCTAAT,48,TCGCTATA
49,49,lib1_49,lib1,PCR_date,filt_blank,16S,GTGYCAGCMGCCGCGGTAA,GGACTACNVGGGTWTCTAAT,49,AACTCTCG
50,50,lib1_50,lib1,PCR_date,extr_blank,16S,GTGYCAGCMGCCGCGGTAA,GGACTACNVGGGTWTCTAAT,50,ACTATGTC
51,51,lib1_51,lib1,PCR_date,sample,16S,GTGYCAGCMGCCGCGGTAA,GGACTACNVGGGTWTCTAAT,51,AGTAGCGT
52,52,lib1_52,lib1,PCR_date,sample,16S,GTGYCAGCMGCCGCGGTAA,GGACTACNVGGGTWTCTAAT,52,CAGTGAGT
53,53,lib1_53,lib1,PCR_date,sample,16S,GTGYCAGCMGCCGCGGTAA,GGACTACNVGGGTWTCTAAT,53,CGTACTCA
54,54,lib1_54,lib1,PCR_date,filt_blank,16S,GTGYCAGCMGCCGCGGTAA,GGACTACNVGGGTWTCTAAT,54,CTACGCAG
55,55,lib1_55,lib1,PCR_date,extr_blank,16S,GTGYCAGCMGCCGCGGTAA,GGACTACNVGGGTWTCTAAT,55,GGAGACTA
56,56,lib1_56,lib1,PCR_date,sample,16S,GTGYCAGCMGCCGCGGTAA,GGACTACNVGGGTWTCTAAT,56,GTCGCTCG
57,57,lib1_57,lib1,PCR_date,sample,16S,GTGYCAGCMGCCGCGGTAA,GGACTACNVGGGTWTCTAAT,57,GTCGTAGT
58,58,lib1_58,lib1,PCR_date,sample,16S,GTGYCAGCMGCCGCGGTAA,GGACTACNVGGGTWTCTAAT,58,TAGCAGAC
59,59,lib1_59,lib1,PCR_date,filt_blank,16S,GTGYCAGCMGCCGCGGTAA,GGACTACNVGGGTWTCTAAT,59,TCATAGAC
60,60,lib1_60,lib1,PCR_date,extr_blank,16S,GTGYCAGCMGCCGCGGTAA,GGACTACNVGGGTWTCTAAT,60,TCGCTATA
61,61,lib1_61,lib1,PCR_date,sample,16S,GTGYCAGCMGCCGCGGTAA,GGACTACNVGGGTWTCTAAT,61,AACTCTCG
62,62,lib1_62,lib1,PCR_date,sample,16S,GTGYCAGCMGCCGCGGTAA,GGACTACNVGGGTWTCTAAT,62,ACTATGTC
63,63,lib1_63,lib1,PCR_date,sample,16S,GTGYCAGCMGCCGCGGTAA,GGACTACNVGGGTWTCTAAT,63,AGTAGCGT
64,64,lib1_64,lib1,PCR_date,filt_blank,16S,GTGYCAGCMGCCGCGGTAA,GGACTACNVGGGTWTCTAAT,64,CAGTGAGT
65,65,lib1_65,lib1,PCR_date,extr_blank,16S,GTGYCAGCMGCCGCGGTAA,GGACTACNVGGGTWTCTAAT,65,CGTACTCA
66,66,lib1_66,lib1,PCR_date,sample,16S,GTGYCAGCMGCCGCGGTAA,GGACTACNVGGGTWTCTAAT,66,CTACGCAG
67,67,lib1_67,lib1,PCR_date,sample,16S,GTGYCAGCMGCCGCGGTAA,GGACTACNVGGGTWTCTAAT,67,GGAGACTA
68,68,lib1_68,lib1,PCR_date,sample,16S,GTGYCAGCMGCCGCGGTAA,GGACTACNVGGGTWTCTAAT,68,GTCGCTCG
69,69,lib1_69,lib1,PCR_date,filt_blank,16S,GTGYCAGCMGCCGCGGTAA,GGACTACNVGGGTWTCTAAT,69,GTCGTAGT
70,70,lib1_70,lib1,PCR_date,extr_blank,16S,GTGYCAGCMGCCGCGGTAA,GGACTACNVGGGTWTCTAAT,70,TAGCAGAC
71,71,lib1_71,lib1,PCR_date,sample,16S,GTGYCAGCMGCCGCGGTAA,GGACTACNVGGGTWTCTAAT,71,TCATAGAC
72,72,lib1_72,lib1,PCR_date,sample,16S,GTGYCAGCMGCCGCGGTAA,GGACTACNVGGGTWTCTAAT,72,TCGCTATA
73,73,lib1_73,lib1,PCR_date,sample,16S,GTGYCAGCMGCCGCGGTAA,GGACTACNVGGGTWTCTAAT,73,AACTCTCG
74,74,lib1_74,lib1,PCR_date,filt_blank,16S,GTGYCAGCMGCCGCGGTAA,GGACTACNVGGGTWTCTAAT,74,ACTATGTC
75,75,lib1_75,lib1,PCR_date,extr_blank,16S,GTGYCAGCMGCCGCGGTAA,GGACTACNVGGGTWTCTAAT,75,AGTAGCGT
76,76,lib1_76,lib1,PCR_date,sterivex,16S,GTGYCAGCMGCCGCGGTAA,GGACTACNVGGGTWTCTAAT,76,CAGTGAGT
77,77,lib1_77,lib1,PCR_date,sterivex,16S,GTGYCAGCMGCCGCGGTAA,GGACTACNVGGGTWTCTAAT,77,CGTACTCA
78,78,lib1_78,lib1,PCR_date,filt_blank,16S,GTGYCAGCMGCCGCGGTAA,GGACTACNVGGGTWTCTAAT,78,CTACGCAG
79,79,lib1_79,lib1,PCR_date,pos_control,16S,GTGYCAGCMGCCGCGGTAA,GGACTACNVGGGTWTCTAAT,79,GGAGACTA
80,80,lib1_80,lib1,PCR_date,neg_control,16S,GTGYCAGCMGCCGCGGTAA,GGACTACNVGGGTWTCTAAT,80,GTCGCTCG
81,81,lib1_81,lib1,PCR_date,sample,16S,GTGYCAGCMGCCGCGGTAA,GGACTACNVGGGTWTCTAAT,81,AACTCTCG
82,82,lib1_82,lib1,PCR_date,sample,16S,GTGYCAGCMGCCGCGGTAA,GGACTACNVGGGTWTCTAAT,82,ACTATGTC
83,83,lib1_83,lib1,PCR_date,sample,16S,GTGYCAGCMGCCGCGGTAA,GGACTACNVGGGTWTCTAAT,83,AGTAGCGT
84,84,lib1_84,lib1,PCR_date,sample,16S,GTGYCAGCMGCCGCGGTAA,GGACTACNVGGGTWTCTAAT,84,CAGTGAGT
85,85,lib1_85,lib1,PCR_date,sample,16S,GTGYCAGCMGCCGCGGTAA,GGACTACNVGGGTWTCTAAT,85,CGTACTCA
86,86,lib1_86,lib1,PCR_date,sample,16S,GTGYCAGCMGCCGCGGTAA,GGACTACNVGGGTWTCTAAT,86,CTACGCAG
87,87,lib1_87,lib1,PCR_date,sample,16S,GTGYCAGCMGCCGCGGTAA,GGACTACNVGGGTWTCTAAT,87,GGAGACTA
88,88,lib1_88,lib1,PCR_date,sample,16S,GTGYCAGCMGCCGCGGTAA,GGACTACNVGGGTWTCTAAT,88,GTCGCTCG
89,89,lib1_89,lib1,PCR_date,sample,16S,GTGYCAGCMGCCGCGGTAA,GGACTACNVGGGTWTCTAAT,89,GTCGTAGT
90,90,lib1_90,lib1,PCR_date,sample,16S,GTGYCAGCMGCCGCGGTAA,GGACTACNVGGGTWTCTAAT,90,TAGCAGAC
91,91,lib1_91,lib1,PCR_date,sample,16S,GTGYCAGCMGCCGCGGTAA,GGACTACNVGGGTWTCTAAT,91,TCATAGAC
92,92,lib1_92,lib1,PCR_date,sample,16S,GTGYCAGCMGCCGCGGTAA,GGACTACNVGGGTWTCTAAT,92,TCGCTATA
93,93,lib1_93,lib1,PCR_date,sample,16S,GTGYCAGCMGCCGCGGTAA,GGACTACNVGGGTWTCTAAT,93,AACTCTCG
94,94,lib1_94,lib1,PCR_date,sample,16S,GTGYCAGCMGCCGCGGTAA,GGACTACNVGGGTWTCTAAT,94,ACTATGTC
95,95,lib1_95,lib1,PCR_date,sample,16S,GTGYCAGCMGCCGCGGTAA,GGACTACNVGGGTWTCTAAT,95,AGTAGCGT
96,96,lib1_96,lib1,PCR_date,sample,16S,GTGYCAGCMGCCGCGGTAA,GGACTACNVGGGTWTCTAAT,96,CAGTGAGT
97,97,lib1_97,lib1,PCR_date,sample,16S,GTGYCAGCMGCCGCGGTAA,GGACTACNVGGGTWTCTAAT,97,CGTACTCA
98,98,lib1_98,lib1,PCR_date,sample,16S,GTGYCAGCMGCCGCGGTAA,GGACTACNVGGGTWTCTAAT,98,CTACGCAG
99,99,lib1_99,lib1,PCR_date,sample,16S,GTGYCAGCMGCCGCGGTAA,GGACTACNVGGGTWTCTAAT,99,GGAGACTA
100,100,lib1_100,lib1,PCR_date,sample,16S,GTGYCAGCMGCCGCGGTAA,GGACTACNVGGGTWTCTAAT,100,GTCGCTCG
101,101,lib1_101,lib1,PCR_date,extr_blank,16S,GTGYCAGCMGCCGCGGTAA,GGACTACNVGGGTWTCTAAT,101,GTCGTAGT
102,102,lib1_102,lib1,PCR_date,sample,16S,GTGYCAGCMGCCGCGGTAA,GGACTACNVGGGTWTCTAAT,102,TAGCAGAC
103,103,lib1_103,lib1,PCR_date,sample,16S,GTGYCAGCMGCCGCGGTAA,GGACTACNVGGGTWTCTAAT,103,TCATAGAC
104,104,lib1_104,lib1,PCR_date,sample,16S,GTGYCAGCMGCCGCGGTAA,GGACTACNVGGGTWTCTAAT,104,TCGCTATA
105,105,lib1_105,lib1,PCR_date,sample,16S,GTGYCAGCMGCCGCGGTAA,GGACTACNVGGGTWTCTAAT,105,AACTCTCG
106,106,lib1_106,lib1,PCR_date,sample,16S,GTGYCAGCMGCCGCGGTAA,GGACTACNVGGGTWTCTAAT,106,ACTATGTC
107,107,lib1_107,lib1,PCR_date,sample,16S,GTGYCAGCMGCCGCGGTAA,GGACTACNVGGGTWTCTAAT,107,AGTAGCGT
108,108,lib1_108,lib1,PCR_date,sample,16S,GTGYCAGCMGCCGCGGTAA,GGACTACNVGGGTWTCTAAT,108,CAGTGAGT
109,109,lib1_109,lib1,PCR_date,sample,16S,GTGYCAGCMGCCGCGGTAA,GGACTACNVGGGTWTCTAAT,109,CGTACTCA
110,110,lib1_110,lib1,PCR_date,sample,16S,GTGYCAGCMGCCGCGGTAA,GGACTACNVGGGTWTCTAAT,110,CTACGCAG
111,111,lib1_111,lib1,PCR_date,sample,16S,GTGYCAGCMGCCGCGGTAA,GGACTACNVGGGTWTCTAAT,111,GGAGACTA
112,112,lib1_112,lib1,PCR_date,sample,16S,GTGYCAGCMGCCGCGGTAA,GGACTACNVGGGTWTCTAAT,112,GTCGCTCG
113,113,lib1_113,lib1,PCR_date,sample,16S,GTGYCAGCMGCCGCGGTAA,GGACTACNVGGGTWTCTAAT,113,GTCGTAGT
114,114,lib1_114,lib1,PCR_date,sample,16S,GTGYCAGCMGCCGCGGTAA,GGACTACNVGGGTWTCTAAT,114,TAGCAGAC
115,115,lib1_115,lib1,PCR_date,sample,16S,GTGYCAGCMGCCGCGGTAA,GGACTACNVGGGTWTCTAAT,115,TCATAGAC
116,116,lib1_116,lib1,PCR_date,sample,16S,GTGYCAGCMGCCGCGGTAA,GGACTACNVGGGTWTCTAAT,116,TCGCTATA
117,117,lib1_117,lib1,PCR_date,sample,16S,GTGYCAGCMGCCGCGGTAA,GGACTACNVGGGTWTCTAAT,117,AACTCTCG
118,118,lib1_118,lib1,PCR_date,sample,16S,GTGYCAGCMGCCGCGGTAA,GGACTACNVGGGTWTCTAAT,118,ACTATGTC
119,119,lib1_119,lib1,PCR_date,sample,16S,GTGYCAGCMGCCGCGGTAA,GGACTACNVGGGTWTCTAAT,119,AGTAGCGT
120,120,lib1_120,lib1,PCR_date,sample,16S,GTGYCAGCMGCCGCGGTAA,GGACTACNVGGGTWTCTAAT,120,CAGTGAGT
121,121,lib1_121,lib1,PCR_date,sample,16S,GTGYCAGCMGCCGCGGTAA,GGACTACNVGGGTWTCTAAT,121,CGTACTCA
122,122,lib1_122,lib1,PCR_date,extr_blank,16S,GTGYCAGCMGCCGCGGTAA,GGACTACNVGGGTWTCTAAT,122,CTACGCAG
123,123,lib1_123,lib1,PCR_date,sample,16S,GTGYCAGCMGCCGCGGTAA,GGACTACNVGGGTWTCTAAT,123,GGAGACTA
124,124,lib1_124,lib1,PCR_date,sample,16S,GTGYCAGCMGCCGCGGTAA,GGACTACNVGGGTWTCTAAT,124,GTCGCTCG
125,125,lib1_125,lib1,PCR_date,sample,16S,GTGYCAGCMGCCGCGGTAA,GGACTACNVGGGTWTCTAAT,125,GTCGTAGT
126,126,lib1_126,lib1,PCR_date,sample,16S,GTGYCAGCMGCCGCGGTAA,GGACTACNVGGGTWTCTAAT,126,TAGCAGAC
127,127,lib1_127,lib1,PCR_date,sample,16S,GTGYCAGCMGCCGCGGTAA,GGACTACNVGGGTWTCTAAT,127,TCATAGAC
128,128,lib1_128,lib1,PCR_date,sample,16S,GTGYCAGCMGCCGCGGTAA,GGACTACNVGGGTWTCTAAT,128,TCGCTATA
129,129,lib1_129,lib1,PCR_date,sample,16S,GTGYCAGCMGCCGCGGTAA,GGACTACNVGGGTWTCTAAT,129,AACTCTCG
130,130,lib1_130,lib1,PCR_date,sample,16S,GTGYCAGCMGCCGCGGTAA,GGACTACNVGGGTWTCTAAT,130,ACTATGTC
131,131,lib1_131,lib1,PCR_date,sample,16S,GTGYCAGCMGCCGCGGTAA,GGACTACNVGGGTWTCTAAT,131,AGTAGCGT
132,132,lib1_132,lib1,PCR_date,sample,16S,GTGYCAGCMGCCGCGGTAA,GGACTACNVGGGTWTCTAAT,132,CAGTGAGT
133,133,lib1_133,lib1,PCR_date,sample,16S,GTGYCAGCMGCCGCGGTAA,GGACTACNVGGGTWTCTAAT,133,CGTACTCA
134,134,lib1_134,lib1,PCR_date,sample,16S,GTGYCAGCMGCCGCGGTAA,GGACTACNVGGGTWTCTAAT,134,CTACGCAG
135,135,lib1_135,lib1,PCR_date,sample,16S,GTGYCAGCMGCCGCGGTAA,GGACTACNVGGGTWTCTAAT,135,GGAGACTA
136,136,lib1_136,lib1,PCR_date,sample,16S,GTGYCAGCMGCCGCGGTAA,GGACTACNVGGGTWTCTAAT,136,GTCGCTCG
137,137,lib1_137,lib1,PCR_date,sample,16S,GTGYCAGCMGCCGCGGTAA,GGACTACNVGGGTWTCTAAT,137,GTCGTAGT
138,138,lib1_138,lib1,PCR_date,sample,16S,GTGYCAGCMGCCGCGGTAA,GGACTACNVGGGTWTCTAAT,138,TAGCAGAC
139,139,lib1_139,lib1,PCR_date,sample,16S,GTGYCAGCMGCCGCGGTAA,GGACTACNVGGGTWTCTAAT,139,TCATAGAC
140,140,lib1_140,lib1,PCR_date,sample,16S,GTGYCAGCMGCCGCGGTAA,GGACTACNVGGGTWTCTAAT,140,TCGCTATA
141,141,lib1_141,lib1,PCR_date,sample,16S,GTGYCAGCMGCCGCGGTAA,GGACTACNVGGGTWTCTAAT,141,AACTCTCG
142,142,lib1_142,lib1,PCR_date,sample,16S,GTGYCAGCMGCCGCGGTAA,GGACTACNVGGGTWTCTAAT,142,ACTATGTC
143,143,lib1_143,lib1,PCR_date,extr_blank,16S,GTGYCAGCMGCCGCGGTAA,GGACTACNVGGGTWTCTAAT,143,AGTAGCGT
144,144,lib1_144,lib1,PCR_date,neg_control,16S,GTGYCAGCMGCCGCGGTAA,GGACTACNVGGGTWTCTAAT,144,CAGTGAGT